IEDB,Epitope,Length,Protein,MHC allele class,MHC allele names,Conservation,T cell assay
16537,FLCLFLLPSL,10,orf1a,I,HLA-A*02:01/HLA-A*02:02/HLA-A*02:03/HLA-A*02:06/HLA-A*68:02,0.9957,N
16632,FLGRYMSAL,9,orf1a,I,HLA-A*02:01/HLA-A*02:02/HLA-A*02:03/HLA-A*02:06,0.996,N
16737,FLLNKEMYL,9,orf1a,I,HLA-A*02:01/HLA-A*02:02/HLA-A*02:03/HLA-A*02:06,0.998,N
16743,FLLPSLATV,9,orf1a,I,HLA-A*02:01/HLA-A*02:02/HLA-A*02:03/HLA-A*02:06/HLA-A*68:02,0.9957,N
16779,FLNGSCGSV,9,orf1a,I,HLA-A*02:01/HLA-A*02:02/HLA-A*02:03/HLA-A*02:06/HLA-A*68:02,0.9981,N
16786,FLNRFTTTL,9,orf1a,I,HLA-A*02:01/HLA-A*02:02/HLA-A*02:03/HLA-A*02:06/HLA-A*68:02,0.9972,N
16820,FLPRVFSAV,9,orf1a,I,HLA-A*02:02/HLA-A*02:06/HLA-A*02:01/HLA-A*02:03/HLA-A*68:02,0.9978,N
17036,FMGRIRSVY,9,orf1a,I,HLA-B*15:01,0.9926,N
17657,FRYMNSQGL,9,orf1a,I,HLA-C*06:02,0.9977,N
18103,FTYASALWEI,10,orf1a,I,HLA-A*02:01/HLA-A*02:02/HLA-A*02:03/HLA-A*02:06/HLA-A*68:02,0.9967,N
1946,AIILASFSA,9,orf1a,I,HLA-A*02:01/HLA-A*02:02/HLA-A*02:03/HLA-A*02:06/HLA-A*68:02,0.9957,N
23215,GVYDYLVST,9,orf1a,I,HLA-A*02:06/HLA-A*02:01/HLA-A*02:02/HLA-A*02:03,0.9982,N
23533,HAFLCLFLL,9,orf1a,I,HLA-A*02:01/HLA-A*02:02/HLA-A*02:03/HLA-A*02:06/HLA-A*68:02,0.9982,N
26973,ILASFSAST,9,orf1a,I,HLA-A*02:01/HLA-A*02:02/HLA-A*02:03/HLA-A*02:06/HLA-A*68:02,0.9957,N
27083,ILGTVSWNL,9,orf1a,I,HLA-A*02:01/HLA-B*58:01,0.9968,N
28199,IQPGQTFSV,9,orf1a,I,HLA-A*02:02/HLA-A*02:03/HLA-A*02:06/HLA-A*02:01/HLA-A*68:02,0.9959,N
2855,ALRANSAVK,9,orf1a,I,HLA-A*03:01/HLA-A*31:01/HLA-A*11:01,0.9977,N
2998,ALWEIQQVV,9,orf1a,I,HLA-A*02:01/HLA-A*02:02/HLA-A*02:03/HLA-A*02:06/HLA-A*68:02/HLA-A*69:01/HLA-B*15:01,0.9968,N
3179,AMQTMLFTM,9,orf1a,I,HLA-A*02:01/HLA-A*02:02/HLA-A*02:06/HLA-A*02:03/HLA-A*68:02,0.9978,N
32240,KLWAQCVQL,9,orf1a,I,HLA-A*02:01/HLA-A*02:02/HLA-A*02:06/HLA-A*02:03/HLA-A*31:01/HLA-A*03:01,0.9983,N
37766,LLSAGIFGA,9,orf1a,I,HLA-A*02:01/HLA-A*02:02/HLA-A*02:03/HLA-A*02:06/HLA-A*68:02,0.994,N
42260,MPASWVMRI,9,orf1a,I,HLA-B*07:02/HLA-B*35:01,0.9973,N
46414,NVLAWLYAA,9,orf1a,I,HLA-A*02:01/HLA-A*02:02/HLA-A*02:03/HLA-A*02:06/HLA-A*68:02,0.9983,N
51442,QLMCQPILL,9,orf1a,I,HLA-A*02:01/HLA-A*02:02/HLA-A*02:03/HLA-A*02:06/HLA-A*68:02,0.9975,N
51443,QLMCQPILLL,10,orf1a,I,HLA-A*02:01/HLA-A*02:02/HLA-A*02:03/HLA-A*02:06/HLA-A*68:02,0.9974,N
5447,AVLQSGFRK,9,orf1a,I,HLA-A*03:01/HLA-A*11:01,0.9982,N
59312,SLLSVLLSM,9,orf1a,I,HLA-A*02:01/HLA-A*02:02/HLA-A*02:06/HLA-A*02:03,0.9978,N
64827,TLGVYDYLV,9,orf1a,I,HLA-A*02:01/HLA-A*02:02/HLA-A*02:06/HLA-A*68:02/HLA-A*02:03,0.9983,N
65739,TPRDLGACI,9,orf1a,I,HLA-B*07:02/HLA-B*51:01/HLA-B*54:01,0.9971,N
67078,TVLSFCAFA,9,orf1a,I,HLA-A*02:01/HLA-A*02:02/HLA-A*02:03/HLA-A*02:06/HLA-A*68:02,0.9978,N
69392,VLAWLYAAV,9,orf1a,I,HLA-A*02:01/HLA-A*02:02/HLA-A*02:03/HLA-A*02:06/HLA-A*68:02,0.9983,N
69758,VLSFCAFAV,9,orf1a,I,HLA-A*02:01/HLA-A*02:02/HLA-A*02:03/HLA-A*02:06/HLA-A*68:02,0.9982,N
74209,YIFFASFYY,9,orf1a,I,HLA-A*03:01/HLA-A*11:01/HLA-A*68:01/HLA-A*26:01/HLA-A*31:01/HLA-A*33:01/HLA-A*69:01/HLA-B*15:01/HLA-B*58:01,0.998,N
18133,FVDGVPFVV,9,orf1b,I,HLA-A*02:01/HLA-A*02:02/HLA-A*02:06/HLA-A*02:03/HLA-A*68:02,0.9981,N
2027,AIMTRCLAV,9,orf1b,I,HLA-A*02:01/HLA-A*02:03/HLA-A*02:06/HLA-A*02:02/HLA-A*68:02,0.9975,N
22916,GVAMPNLYK,9,orf1b,I,HLA-A*03:01/HLA-A*11:01/HLA-A*68:01/HLA-A*31:01,0.9976,N
2682,ALLADKFPV,9,orf1b,I,HLA-A*02:01/HLA-A*02:02/HLA-A*02:06/HLA-A*02:03,0.9867,N
27078,ILGLPTQTV,9,orf1b,I,HLA-A*02:01/HLA-B*15:01,0.9972,N
27089,ILHCANFNV,9,orf1b,I,HLA-A*02:01/HLA-A*02:02/HLA-A*02:03/HLA-A*02:06/HLA-A*68:02/HLA-A*69:01/HLA-A*31:01,0.9979,N
28050,IPRRNVATL,9,orf1b,I,HLA-B*07:02/HLA-A*02:01/HLA-B*35:01,0.997,N
28464,ISDYDYYRY,9,orf1b,I,HLA-A*01:01/HLA-A*29:02/HLA-A*30:02,0.9979,N
29237,IVDTVSALV,9,orf1b,I,HLA-A*02:02/HLA-A*02:06/HLA-A*02:01/HLA-A*68:02/HLA-A*02:03,0.9969,N
31833,KLFAAETLK,9,orf1b,I,HLA-A*03:01/HLA-A*11:01/HLA-A*31:01/HLA-A*68:01,0.9976,N
32060,KLNVGDYFV,9,orf1b,I,HLA-A*02:01/HLA-A*02:02/HLA-A*02:03/HLA-A*02:06/HLA-A*68:02,0.9972,N
32183,KLSYGIATV,9,orf1b,I,HLA-A*02:01/HLA-A*02:02/HLA-A*02:03/HLA-A*02:06/HLA-A*68:02,0.9975,N
32390,KMQRMLLEK,9,orf1b,I,HLA-A*03:01/HLA-A*11:01/HLA-A*31:01/HLA-A*68:01,0.9971,N
32976,KQFDTYNLW,9,orf1b,I,HLA-A*24:02/HLA-B*15:01/HLA-B*58:01/HLA-A*31:01,0.9861,N
37144,LLDDFVEII,9,orf1b,I,HLA-A*02:01/HLA-A*02:02/HLA-A*02:06/HLA-A*02:03,0.9977,N
37468,LLLDDFVEI,9,orf1b,I,HLA-A*02:01/HLA-A*02:02/HLA-A*02:06/HLA-A*02:03,0.9977,N
37583,LLMPILTLT,9,orf1b,I,HLA-A*02:01/HLA-A*02:02/HLA-A*02:03/HLA-A*02:06/HLA-A*68:02,0.9979,N
38043,LMIERFVSL,9,orf1b,I,HLA-A*02:01/HLA-A*02:02/HLA-A*02:03/HLA-A*02:06/HLA-A*68:02,0.9983,N
38165,LMYKGLPWNV,10,orf1b,I,HLA-A*02:01/HLA-A*02:02/HLA-A*02:03/HLA-A*02:06,0.997,N
38874,LQLGFSTGV,9,orf1b,I,HLA-A*02:01/HLA-A*02:02/HLA-A*02:03/HLA-A*02:06/HLA-A*68:02,0.9977,N
40459,LVLSVNPYV,9,orf1b,I,HLA-A*02:01/HLA-A*02:02/HLA-A*02:06/HLA-A*02:03/HLA-A*68:02,0.9929,N
42093,MLWCKDGHV,9,orf1b,I,HLA-A*02:01/HLA-A*02:02/HLA-A*02:03/HLA-A*02:06/HLA-A*68:02,0.9961,N
42128,MMISAGFSL,9,orf1b,I,HLA-A*02:01/HLA-A*02:02/HLA-A*02:03/HLA-A*02:06/HLA-A*68:02,0.8936,N
42972,MVMCGGSLYV,10,orf1b,I,HLA-A*02:01/HLA-A*02:02/HLA-A*02:03/HLA-A*02:06/HLA-A*68:02,0.995,N
44927,NLWNTFTRL,9,orf1b,I,HLA-A*02:01/HLA-A*02:02/HLA-A*02:03/HLA-A*02:06/HLA-A*68:02,0.9896,N
45000,NMLRIMASL,9,orf1b,I,HLA-A*02:02/HLA-A*02:03/HLA-A*02:06/HLA-A*02:01/HLA-A*68:02,0.9971,N
5209,ATVVIGTSK,9,orf1b,I,HLA-A*11:01/HLA-A*03:01/HLA-A*68:01/HLA-A*31:01,0.9977,N
54183,RILGAGCFV,9,orf1b,I,HLA-A*02:01/HLA-A*02:02/HLA-A*02:06/HLA-A*02:03,0.9979,N
54847,RLYYDSMSY,9,orf1b,I,HLA-B*15:01/HLA-A*03:01/HLA-A*11:01,0.9972,N
55444,RQLLFVVEV,9,orf1b,I,HLA-A*02:01/HLA-A*02:02/HLA-A*02:03/HLA-A*02:06/HLA-A*68:02,0.9977,N
61254,SSNVANYQK,9,orf1b,I,HLA-A*11:01/HLA-A*03:01/HLA-A*68:01/HLA-A*31:01,0.9977,N
64850,TLIGDCATV,9,orf1b,I,HLA-A*02:01/HLA-A*02:02/HLA-A*02:03/HLA-A*02:06/HLA-A*68:02,0.9966,N
65132,TLVPQEHYV,9,orf1b,I,HLA-A*02:01/HLA-A*69:01,0.9974,N
65176,TMADLVYAL,9,orf1b,I,HLA-A*02:01/HLA-A*02:02/HLA-A*02:03/HLA-A*02:06/HLA-A*68:02,0.998,N
66710,TTLPVNVAF,9,orf1b,I,HLA-B*58:01/HLA-A*69:01/HLA-A*02:01/HLA-B*15:01,0.9938,N
69716,VLQAVGACV,9,orf1b,I,HLA-A*02:01/HLA-A*02:02/HLA-A*02:03/HLA-A*02:06/HLA-A*68:02,0.9972,N
69850,VLWAHGFEL,9,orf1b,I,HLA-A*02:01/HLA-A*24:02/HLA-A*02:02/HLA-A*02:03/HLA-A*02:06/HLA-A*31:01/HLA-A*69:01/HLA-A*01:01/HLA-A*03:01/HLA-A*68:02/HLA-B*08:01/HLA-B*15:01/HLA-B*58:01,0.9983,N
69929,VMCGGSLYV,9,orf1b,I,HLA-A*02:01/HLA-A*02:02/HLA-A*02:03/HLA-A*02:06/HLA-A*68:02,0.9971,N
71635,VVDKYFDCY,9,orf1b,I,HLA-A*01:01/HLA-A*29:02/HLA-A*30:02,0.9976,N
71917,VVYRGTTTY,9,orf1b,I,HLA-B*15:01/HLA-A*03:01/HLA-A*11:01/HLA-B*35:01/HLA-B*58:01,0.9978,N
72766,WLPTGTLLV,9,orf1b,I,HLA-A*02:01/HLA-A*02:02/HLA-A*02:03/HLA-A*02:06/HLA-A*68:02,0.9975,N
74593,YLDAYNMMI,9,orf1b,I,HLA-A*02:01/HLA-A*02:02/HLA-A*02:03/HLA-A*02:06,0.8975,N
74850,YLNTLTLAV,9,orf1b,I,HLA-A*02:01/HLA-A*02:02/HLA-A*02:03/HLA-A*02:06/HLA-A*68:02,0.9982,N
75508,YQKVGMQKY,9,orf1b,I,HLA-B*15:01/HLA-B*27:05,0.9975,N
76120,YTMADLVYA,9,orf1b,I,HLA-A*02:01/HLA-A*02:02/HLA-A*02:03/HLA-A*02:06/HLA-A*68:02,0.998,N
76266,YVFCTVNAL,9,orf1b,I,HLA-A*02:01/HLA-A*02:02/HLA-A*02:03/HLA-A*02:06/HLA-A*68:02,0.9978,N
10112,DSFKEELDKY,10,S,I,HLA-A*26:01/HLA-A*29:02/HLA-A*30:02/HLA-A*01:01,0.9973,N
11384,EDLLFNKVTLADAGF,15,S,II,HLA-DRB1*01:01,0.9948,N
1220,AEVQIDRLI,9,S,I,HLA-B*40:02/HLA-B*44:02/HLA-B*44:03/HLA-B*45:01,0.999,N
1221,AEVQIDRLIT,10,S,I,HLA-B*40:02/HLA-B*44:03/HLA-B*45:01/HLA-B*40:01/HLA-B*44:02,0.999,N
16156,FIAGLIAIV,9,S,I,HLA-A*02:01/HLA-A*02:02/HLA-A*02:03/HLA-A*02:06/HLA-A*68:02/HLA-A2,0.998,Y
17341,FPNITNLCPF,10,S,I,HLA-B*35:01/HLA-B*51:01/HLA-B*53:01/HLA-B*07:02/HLA-B*54:01,0.9969,N
18514,GAALQIPFAMQMAYR,15,S,II,HLA-DRB1*01:01,0.9982,N
20907,GLIAIVMVTI,10,S,I,HLA-A*02:02/HLA-A*02:03/HLA-A*02:01/HLA-A*02:06/HLA-A*68:02,0.9975,N
22144,GRLQSLQTY,9,S,I,HLA-B*27:05,0.9989,N
22322,GSFCTQLNR,9,S,I,HLA-A*11:01/HLA-A*31:01/HLA-A*68:01/HLA-A*03:01,0.9981,N
23200,GVVFLHVTY,9,S,I,HLA-A*11:01,0.9989,N
23293,GWTFGAGAALQIPFA,15,S,II,HLA-DRB1*01:01,0.998,N
23436,GYQPYRVVVL,10,S,I,HLA-A*23:01/HLA-A*24:02/HLA-A*29:02,0.995,N
25662,IDRLITGRLQSLQTY,15,S,II,HLA-DRB1*01:01,0.9988,N
25754,IEDLLFNKVTLADAG,15,S,II,HLA-DRB1*01:01,0.9947,N
26198,IGAGICASY,9,S,I,HLA-A*29:02/HLA-A*30:02,0.9981,N
26710,IITTDNTFV,9,S,I,HLA-A*02:01,0.9971,N
2801,ALNTLVKQL,9,S,I,HLA-A*02:01,0.9988,Y
28511,ISGINASVVNIQKEI,15,S,II,HLA-DRB1*01:01,0.9968,N
35205,LDKYFKNHTSPDVDL,15,S,II,HLA-DRB1*01:01,0.9965,N
3589,APHGVVFLHV,10,S,I,HLA-B*07:02/HLA-B*54:01/HLA-B*35:01/HLA-B*53:01,0.9988,N
36075,LGDISGINASVVNIQ,15,S,II,HLA-DRB1*01:01,0.9966,N
36103,LGFIAGLIAIVMVTI,15,S,II,HLA-DRB1*01:01,0.9957,N
36481,LIDLQELGKY,10,S,I,HLA-A*30:02/HLA-A*01:01/HLA-A*26:01/HLA-A*29:02,0.9975,N
36724,LITGRLQSL,9,S,I,HLA-A2/HLA-A*02:01,0.999,Y
37289,LLFNKVTLA,9,S,I,HLA-A*02:01/HLA-A*02:02/HLA-A*02:03/HLA-A*02:06/HLA-A*68:02,0.9963,N
37544,LLLQYGSFC,9,S,I,HLA-A*02:01,0.9987,N
37724,LLQYGSFCT,9,S,I,HLA-A*02:01,0.9987,N
38353,LNTLVKQLSSNFGAI,15,S,II,HLA-DRB1*01:01,0.9985,N
38831,LQDVVNQNAQALNTL,15,S,II,HLA-DRB1*01:01,0.9981,N
38855,LQIPFAMQM,9,S,I,HLA-B*15:01/HLA-C*15:02/HLA-B*40:01/HLA-B*58:01,0.9987,N
38990,LQSLQTYVTQQLIRA,15,S,II,HLA-DRB1*01:01,0.9987,N
39003,LQTYVTQQLIRAAEI,15,S,II,HLA-DRB1*01:01,0.9987,N
3939,AQALNTLVK,9,S,I,HLA-A*11:01/HLA-A*03:01/HLA-A*31:01/HLA-A*68:01,0.9988,N
3982,AQKFNGLTVLPPLLT,15,S,II,HLA-DRB1*01:01,0.9974,N
42873,MTSCCSCLK,9,S,I,HLA-A*11:01/HLA-A*31:01/HLA-A*33:01/HLA-A*68:01/HLA-A*03:01,0.9969,N
4321,ASANLAATK,9,S,I,HLA-A*11:01/HLA-A*03:01/HLA-A*68:01/HLA-A*31:01,0.9975,N
44814,NLNESLIDL,9,S,I,HLA-A*02:01,0.9983,Y
47041,PCSFGGVSVITPGTN,15,S,II,HLA-DRB1*01:01,0.9985,N
50166,PYRVVVLSF,9,S,I,HLA-A*23:01/HLA-A*24:02/HLA-A*01:01/HLA-A*26:01,0.9951,N
50641,QELGKYEQYI,10,S,I,HLA-B*44:02/HLA-B*44:03/HLA-B*40:02,0.9969,N
51112,QIPFAMQMAYRFNGI,15,S,II,HLA-DRB1*01:01,0.9985,N
51999,QPYRVVVLSF,10,S,I,HLA-B*07:02/HLA-B*53:01,0.995,N
52057,QQLIRAAEIRASANL,15,S,II,HLA-DRB1*01:01,0.9978,N
52672,QTYVTQQLIRAAEIR,15,S,II,HLA-DRB1*01:01,0.9987,N
54507,RLDKVEAEV,9,S,I,HLA-A*02:01/HLA-A*02:02/HLA-A*02:06/HLA-A*02:03/HLA-A*68:02,0.9989,N
54680,RLNEVAKNL,9,S,I,HLA-A*02:01,0.9982,Y
54725,RLQSLQTYV,9,S,I,HLA-A*02:01/HLA-A*02:02/HLA-A*02:03/HLA-A*02:06/HLA-A*68:02,0.9989,N
56252,RVDFCGKGY,9,S,I,HLA-A*30:02/HLA-A*01:01/HLA-A*03:01/HLA-B*15:01/HLA-B*27:05,0.9989,N
57592,SEPVLKGVKL,10,S,I,HLA-B*40:01/HLA-B*40:02/HLA-B*44:02/HLA-B*44:03,0.9911,N
57792,SFIEDLLFNK,10,S,I,HLA-A*11:01/HLA-A*31:01/HLA-A*33:01/HLA-A*68:01,0.9982,N
5908,AYRFNGIGVTQNVLY,15,S,II,HLA-DRB1*01:01,0.9988,N
59161,SLIDLQELGK,10,S,I,HLA-A*03:01/HLA-A*11:01/HLA-A*31:01/HLA-A*68:01/HLA-A*33:01,0.9975,N
61229,SSNFGAISSVLNDIL,15,S,II,HLA-DRB1*01:01,0.9986,N
62221,SVLNDILSR,9,S,I,HLA-A*11:01/HLA-A*31:01/HLA-A*68:01,0.9989,N
63951,TGRLQSLQTYVTQQL,15,S,II,HLA-DRB1*01:01,0.9987,N
65906,TQNVLYENQK,10,S,I,HLA-A*11:01/HLA-A*68:01,0.9988,N
6668,CMTSCCSCLK,10,S,I,HLA-A*68:01/HLA-A*03:01/HLA-A*11:01/HLA-A*31:01/HLA-A*33:01,0.9968,N
69657,VLNDILSRL,9,S,I,HLA-A*02:01,0.9989,Y
70575,VQIDRLITGR,10,S,I,HLA-A*31:01/HLA-A*03:01/HLA-A*11:01/HLA-A*33:01/HLA-A*68:01,0.999,N
70718,VRFPNITNL,9,S,I,HLA-C*14:02/HLA-B*27:05,0.9932,N
71663,VVFLHVTYV,9,S,I,HLA-A*02:01/HLA-A*02:02/HLA-A*02:03/HLA-A*02:06/HLA-A*68:02,0.9988,Y
71996,VYDPLQPEL,9,S,I,HLA-A*24:02/HLA-A*29:02/HLA-A*30:02,0.9567,N
7247,CVADYSVLY,9,S,I,HLA-A*01:01/HLA-A*26:01/HLA-A*29:02/HLA-A*30:02,0.9941,N
72717,WLGFIAGLIAIVMVT,15,S,II,HLA-DRB1*01:01,0.9956,N
7289,CVNFNFNGLTGTGVL,15,S,II,HLA-DRB1*01:01,0.9987,N
73751,YEQYIKWPWY,10,S,I,HLA-B*44:02/HLA-B*18:01/HLA-B*44:03/HLA-B*40:01/HLA-B*45:01,0.9805,N
7868,DDSEPVLKGVKLHYT,15,S,-N/A-,-N/A-/HLA-DRB1*01:01,0.9904,N
7928,DEDDSEPVL,9,S,I,HLA-B*40:01/HLA-B*40:02,0.9906,N
9006,DKYFKNHTSPDVDLG,15,S,II,HLA-DRB1*01:01,0.9963,N
999,AEIRASANLA,10,S,I,HLA-B*45:01/HLA-B*40:01/HLA-B*44:02/HLA-B*44:03/HLA-B*40:02,0.9978,N
1419,AFVVFLLVTLAILTA,15,E,II,HLA-DRB1*01:01,0.9959,N
16501,FLAFVVFLL,9,E,I,HLA-A*02:01/HLA-A*02:02/HLA-A*02:06/HLA-A*02:03/HLA-A*68:02,0.9975,N
16502,FLAFVVFLLV,10,E,I,HLA-A*02:02/HLA-A*02:01/HLA-A*02:03/HLA-A*02:06/HLA-A*68:02,0.9974,N
16503,FLAFVVFLLVTLAIL,15,E,II,HLA-DRB1*01:01,0.9963,N
16762,FLLVTLAIL,9,E,I,HLA-A*02:01/HLA-A*02:02/HLA-A*02:03/HLA-A*02:06/HLA-A*68:02,0.9971,N
16763,FLLVTLAILTALRLC,15,E,II,HLA-DRB1*01:01,0.9962,N
18316,FVVFLLVTL,9,E,I,HLA-A*02:06/HLA-A*02:02/HLA-A*68:02/HLA-A*02:01/HLA-A*02:03,0.9969,N
22741,GTLIVNSVLLFLAFV,15,E,II,HLA-DRB1*01:01,0.9972,N
29377,IVNSVLLFL,9,E,I,HLA-A*02:02/HLA-A*02:06/HLA-A*02:01/HLA-A*02:03/HLA-A*68:02,0.9979,N
34767,LAFVVFLLV,9,E,I,HLA-A*02:02/HLA-A*02:06/HLA-A*02:01/HLA-A*02:03/HLA-A*68:02,0.9975,N
34768,LAFVVFLLVTLAILT,15,E,II,HLA-DRB1*01:01,0.9963,N
35885,LFLAFVVFL,9,E,I,HLA-A*01:01/HLA-A*23:01/HLA-A*26:01,0.9974,N
35886,LFLAFVVFLL,10,E,I,HLA-A*26:01/HLA-A*01:01/HLA-A*23:01/HLA-A*29:02/HLA-A*30:02,0.9974,N
36752,LIVNSVLLFL,10,E,I,HLA-A*02:01/HLA-A*02:02/HLA-A*02:06/HLA-A*02:03/HLA-A*68:02,0.9979,N
37270,LLFLAFVVFL,10,E,I,HLA-A*02:02/HLA-A*02:01/HLA-A*02:03/HLA-A*02:06/HLA-A*68:02,0.9974,N
37932,LLVTLAILTA,10,E,I,HLA-A*02:01/HLA-A*02:02/HLA-A*02:03/HLA-A*02:06,0.9966,N
39803,LTALRLCAY,9,E,I,HLA-A*01:01/HLA-A*29:02/HLA-A*30:02/HLA-A*26:01,0.997,N
40612,LVTLAILTALRLCAY,15,E,II,HLA-DRB1*01:01,0.9962,N
54490,RLCAYCCNI,9,E,I,HLA-A*02:01/HLA-A*02:02/HLA-A*02:03/HLA-A*02:06/HLA-A*68:02,0.9971,N
57395,SEETGTLIV,9,E,I,HLA-B*45:01/HLA-B*40:01,0.9975,N
62214,SVLLFLAFV,9,E,I,HLA-A*02:01/HLA-A*02:02/HLA-A*02:06/HLA-A*02:03/HLA-A*68:02,0.9975,N
62215,SVLLFLAFVV,10,E,I,HLA-A*02:01/HLA-A*02:02/HLA-A*02:06/HLA-A*68:02/HLA-A*02:03,0.9974,N
62216,SVLLFLAFVVFLLVT,15,E,II,HLA-DRB1*01:01,0.9964,N
63980,TGTLIVNSVLLFLAF,15,E,II,HLA-DRB1*01:01,0.997,N
64718,TLAILTALR,9,E,I,HLA-A*31:01/HLA-A*68:01/HLA-A*03:01/HLA-A*11:01/HLA-A*33:01,0.9965,N
64867,TLIVNSVLLFLAFVV,15,E,II,HLA-DRB1*01:01,0.9973,N
68513,VFLLVTLAILTALRL,15,E,II,HLA-DRB1*01:01,0.9962,N
69591,VLLFLAFVV,9,E,I,HLA-A*02:01/HLA-A*02:02/HLA-A*02:06/HLA-A*02:03/HLA-A*68:02,0.9975,N
69592,VLLFLAFVVFLLVTL,15,E,II,HLA-DRB1*01:01,0.9963,N
70192,VNSVLLFLAFVVFLL,15,E,II,HLA-DRB1*01:01,0.9972,N
71397,VTLAILTALR,10,E,I,HLA-A*31:01/HLA-A*68:01/HLA-A*03:01/HLA-A*11:01/HLA-A*33:01,0.9965,N
71664,VVFLLVTLAILTALR,15,E,II,HLA-DRB1*01:01,0.9959,N
16972,FLWLLWPVT,9,M,I,HLA-A*02:01/HLA-A*02:02/HLA-A*02:03/HLA-A*02:06/HLA-A*68:02,0.9982,N
16973,FLWLLWPVTL,10,M,I,HLA-A*02:01/HLA-A*02:02/HLA-A*02:03/HLA-A*02:06,0.9982,N
16974,FLWLLWPVTLACFVL,15,M,II,HLA-DRB1*01:01,0.9964,N
18219,FVLAAVYRI,9,M,I,HLA-A*02:01/HLA-A*02:02/HLA-A*02:03/HLA-A*02:06/HLA-A*68:02,0.9965,N
26759,IKDLPKEITVATSRT,15,M,II,HLA-DRB1*01:01,0.9804,N
35671,LEQWNLVIGF,10,M,I,HLA-B*44:02/HLA-B*44:03/HLA-B*18:01/HLA-B*40:01/HLA-B*40:02/HLA-B*45:01,0.9967,N
35797,LFARTRSMW,9,M,I,HLA-A*23:01/HLA-A*24:02,0.9979,N
40677,LWLLWPVTL,9,M,I,HLA-A*23:01/HLA-A*24:02/HLA-A*29:02,0.9983,N
40685,LWPVTLACF,9,M,I,HLA-A*23:01/HLA-A*24:02/HLA-A*29:02,0.9968,N
43024,MWSFNPETNI,10,M,I,HLA-A*23:01/HLA-A*24:02,0.998,N
44913,NLVIGFLFL,9,M,I,HLA-A*02:01/HLA-A*02:03/HLA-A*02:06/HLA-A*02:02/HLA-A*68:02,0.9968,N
48051,PKEITVATSRTLSYY,15,M,II,HLA-DRB1*01:01,0.9808,N
5149,ATSRTLSYY,9,M,I,HLA-A*01:01/HLA-A*03:01/HLA-A*11:01/HLA-A*29:02/HLA-A*30:02/HLA-A*26:01/HLA-A*31:01/HLA-A*68:01,0.9811,N
5150,ATSRTLSYYK,10,M,I,HLA-A*03:01/HLA-A*11:01/HLA-A*31:01/HLA-A*68:01,0.9811,N
52851,QWNLVIGFLF,10,M,I,HLA-A*23:01/HLA-A*24:02/HLA-A*29:02,0.9968,N
56634,RYRIGNYKL,9,M,I,HLA-A*23:01/HLA-A*24:02/HLA-A*30:02,0.9981,N
57544,SELVIGAVI,9,M,I,HLA-B*40:01/HLA-B*40:02/HLA-B*44:03/HLA-B*45:01/HLA-B*18:01/HLA-B*44:02,0.9982,N
57856,SFNPETNIL,9,M,I,HLA-A*23:01/HLA-A*24:02/HLA-A*30:02,0.9984,N
59778,SMWSFNPET,9,M,I,HLA-A*02:01/HLA-A*02:02/HLA-A*02:03/HLA-A*02:06,0.998,N
64709,TLACFVLAA,9,M,I,HLA-A*02:01/HLA-A*02:02/HLA-A*02:03/HLA-A*02:06/HLA-A*68:02,0.9964,N
64710,TLACFVLAAV,10,M,I,HLA-A*02:01/HLA-A*02:02/HLA-A*02:03/HLA-A*02:06/HLA-A*68:02,0.995,N
66407,TSRTLSYYK,9,M,I,HLA-A*03:01/HLA-A*11:01/HLA-A*31:01/HLA-A*33:01/HLA-A*68:01,0.9811,N
66952,TVATSRTLSY,10,M,I,HLA-A*01:01/HLA-A*26:01/HLA-A*29:02/HLA-A*30:02,0.9811,N
72759,WLLWPVTLA,9,M,I,HLA-A*02:01/HLA-A*02:02/HLA-A*02:03/HLA-A*02:06/HLA-A*68:02,0.9972,N
72972,WPVTLACFVL,10,M,I,HLA-B*51:01/HLA-B*35:01/HLA-B*53:01/HLA-B*07:02/HLA-B*54:01,0.9966,N
24313,HLVDFQVTI,9,ORF6,I,HLA-A*02:01/HLA-A*02:02/HLA-A*02:03/HLA-A*02:06/HLA-A*68:02,0.9971,N
24466,HPLADNKFAL,10,ORF7a,I,HLA-B*07:02/HLA-B*35:01/HLA-B*51:01/HLA-B*53:01,0.9878,N
31846,KLFIRQEEV,9,ORF7a,I,HLA-A*02:01/HLA-A*31:01/HLA-B*08:01,0.989,N
50560,QECVRGTTVLLKEPC,15,ORF7a,II,HLA-DRB1*01:01,0.9962,N
6184,CELYHYQECV,10,ORF7a,I,HLA-B*45:01/HLA-B*40:01/HLA-B*44:03,0.9972,N
62331,SVSPKLFIR,9,ORF7a,I,HLA-A*31:01/HLA-A*11:01/HLA-A*68:01,0.9843,N
73668,YEGNSPFHPL,10,ORF7a,I,HLA-B*40:01/HLA-B*40:02,0.9899,N
1349,AFLLFLVLI,9,ORF7b,I,HLA-A*26:01/HLA-A*01:01/HLA-A*23:01/HLA-A*29:02,0.9937,N
1350,AFLLFLVLIMLIIFW,15,ORF7b,II,HLA-DRB1*01:01,0.9933,N
16498,FLAFLLFLV,9,ORF7b,I,HLA-A*02:01/HLA-A*02:02/HLA-A*02:06/HLA-A*02:03/HLA-A*68:02,0.9919,N
16499,FLAFLLFLVL,10,ORF7b,I,HLA-A*02:01/HLA-A*02:02/HLA-A*02:03/HLA-A*02:06/HLA-A*68:02,0.9919,N
16500,FLAFLLFLVLIMLII,15,ORF7b,II,HLA-DRB1*01:01,0.9917,N
16716,FLLFLVLIM,9,ORF7b,I,HLA-A*02:01/HLA-A*02:02/HLA-A*02:06/HLA-A*68:02,0.9941,N
16717,FLLFLVLIML,10,ORF7b,I,HLA-A*02:01/HLA-A*02:02/HLA-A*02:03/HLA-A*02:06,0.994,N
16718,FLLFLVLIMLIIFWF,15,ORF7b,II,HLA-DRB1*01:01,0.9935,N
16953,FLVLIMLII,9,ORF7b,I,HLA-A*02:01/HLA-A*02:02/HLA-A*02:06/HLA-A*68:02,0.997,N
16954,FLVLIMLIIFWFSLE,15,ORF7b,II,HLA-DRB1*01:01,0.9956,N
18422,FYLCFLAFL,9,ORF7b,I,HLA-A*23:01/HLA-A*24:02,0.988,N
18423,FYLCFLAFLL,10,ORF7b,I,HLA-A*23:01/HLA-A*24:02/HLA-A*29:02,0.9878,N
25571,IDFYLCFLAF,10,ORF7b,I,HLA-B*44:02/HLA-B*44:03/HLA-B*45:01/HLA-B*18:01/HLA-B*40:01,0.9873,N
27516,IMLIIFWFSL,10,ORF7b,I,HLA-A*02:01/HLA-A*02:02,0.9964,N
34763,LAFLLFLVLIMLIIF,15,ORF7b,II,HLA-DRB1*01:01,0.9931,N
35912,LFLVLIMLIIFWFSL,15,ORF7b,II,HLA-DRB1*01:01,0.9938,N
36477,LIDFYLCFL,9,ORF7b,I,HLA-A*02:01/HLA-A*02:02/HLA-A*02:06/HLA-A*02:03/HLA-A*68:02,0.9877,N
37279,LLFLVLIML,9,ORF7b,I,HLA-A*02:01/HLA-A*02:02/HLA-A*02:03/HLA-A*02:06/HLA-A*68:02,0.9949,N
37280,LLFLVLIMLI,10,ORF7b,I,HLA-A*02:02/HLA-A*02:01/HLA-A*02:03,0.9948,N
37281,LLFLVLIMLIIFWFS,15,ORF7b,II,HLA-DRB1*01:01,0.9939,N
41962,MLIIFWFSL,9,ORF7b,I,HLA-A*02:02/HLA-A*02:06/HLA-A*02:01,0.9964,N
74577,YLCFLAFLL,9,ORF7b,I,HLA-A*02:01/HLA-A*02:02/HLA-A*02:03/HLA-A*02:06/HLA-A*68:02,0.9881,N
74578,YLCFLAFLLFLVLIM,15,ORF7b,II,HLA-DRB1*01:01,0.9874,N
125100,ILLNKHID,8,N,I,HLA-A*02:01,0.9983,Y
17385,FPRGQGVPI,9,N,I,HLA-B*07:02/HLA-B*54:01/HLA-B*08:01/HLA-B*35:01/HLA-B*51:01/HLA-A*02:01/HLA-B*53:01,0.9975,N
190494,MEVTPSGTWL,10,N,I,HLA-B*40:01,0.9952,Y
193464,GMEVTPSGTWL,11,N,I,HLA-B*40:01,0.9951,N
193498,LLLLDRLNQ,9,N,I,HLA-A*02:01,0.9978,N
21347,GMSRIGMEV,9,N,I,HLA-A*02:01,0.9967,Y
21967,GQTVTKKSAAEASKK,15,N,II,HLA-DRB1*01:01,0.9937,N
22856,GTTLPKGFY,9,N,I,HLA-A*30:02/HLA-A*29:02/HLA-A*26:01,0.9971,N
2431,ALALLLLDR,9,N,I,HLA-A*03:01,0.9977,N
25542,IDAYKTFPPTEPKKD,15,N,II,HLA-DRB1*01:01,0.9906,N
27182,ILLNKHIDA,9,N,I,HLA-A*02:01,0.9979,Y
2802,ALNTPKDHI,9,N,I,HLA-A*02:01,0.9956,Y
33667,KTFPPTEPK,9,N,I,HLA-A*11:01/HLA-A*03:01/HLA-A*31:01/HLA-A*68:01,0.9921,N
33668,KTFPPTEPKK,10,N,I,HLA-A*03:01/HLA-A*11:01/HLA-A*68:01/HLA-A*31:01,0.9915,N
34851,LALLLLDRL,9,N,I,HLA-A*02:01,0.9979,Y
37473,LLLDRLNQL,9,N,I,HLA-A*02:01,0.9975,Y
37515,LLLLDRLNQL,10,N,I,HLA-A*02:01,0.9975,N
3810,APSASAFFGM,10,N,I,HLA-B*07:02/HLA-B*35:01/HLA-B*51:01/HLA-B*53:01,0.9969,N
38881,LQLPQGTTL,9,N,I,HLA-A*02:01,0.997,Y
3956,AQFAPSASA,9,N,I,HLA-A*02:02/HLA-A*02:06/HLA-A*02:01/HLA-A*02:03,0.9967,N
39576,LSPRWYFYY,9,N,I,HLA-A*01:01/HLA-A*29:02/HLA-A*30:02/HLA-A*11:01/HLA-A*23:01/HLA-A*24:02/HLA-A*31:01,0.9984,N
42648,MSRIGMEVTPSGTWL,15,N,II,HLA-DRB1*01:01,0.9946,N
4307,ASAFFGMSR,9,N,I,HLA-A*31:01/HLA-A*11:01/HLA-A*68:01/HLA-A*03:01,0.9971,N
44501,NKHIDAYKTFPPTEP,15,N,II,HLA-DRB1*01:01,0.9924,N
4936,ATEGALNTPK,10,N,I,HLA-A*11:01/HLA-A*03:01/HLA-A*68:01/HLA-A*31:01,0.9961,N
51482,QLPQGTTLPK,10,N,I,HLA-A*03:01/HLA-A*11:01/HLA-A*68:01,0.9962,N
52114,QQQGQTVTK,9,N,I,HLA-A*11:01/HLA-A*31:01,0.996,N
52115,QQQGQTVTKK,10,N,I,HLA-A*11:01,0.9959,N
52129,QQQQGQTVTK,10,N,I,HLA-A*11:01,0.9959,N
56979,SASAFFGMSR,10,N,I,HLA-A*11:01/HLA-A*31:01/HLA-A*68:01/HLA-A*33:01/HLA-A*03:01,0.9969,N
60242,SPRWYFYYL,9,N,I,HLA-B*07:02/HLA-B*51:01/HLA-B*53:01/HLA-B*54:01,0.9983,N
60380,SQASSRSSSR,10,N,I,HLA-A*31:01/HLA-A*68:01/HLA-A*11:01/HLA-A*33:01,0.9803,N
65763,TPSGTWLTY,9,N,I,HLA-A*29:02/HLA-A*11:01,0.9956,N
66706,TTLPKGFYA,9,N,I,HLA-A*02:01,0.997,N
69720,VLQLPQGTTL,10,N,I,HLA-A*02:01,0.9969,N
69721,VLQLPQGTTLPKGFY,15,N,II,HLA-DRB1*01:01,0.9959,N
71461,VTPSGTWLTY,10,N,I,HLA-A*30:02/HLA-A*01:01/HLA-A*26:01/HLA-A*29:02,0.9955,N
956,AEGSRGGSQA,10,N,I,HLA-B*45:01,0.9951,N
1295,AFFGMSRIGMEVTPSGTW,18,N,-N/A-,-N/A-,0.9946,Y
28371,IRQGTDYKHWPQIAQFA,17,N,-N/A-,-N/A-,0.9916,Y
31166,KHWPQIAQFAPSASAFF,17,N,-N/A-,-N/A-,0.9956,Y
37611,LLNKHIDAYKTFPPTEPK,18,N,-N/A-,-N/A-,0.9915,Y
3957,AQFAPSASAFFGMSR,15,N,II,HLA class II,0.9963,Y
3958,AQFAPSASAFFGMSRIGM,18,N,-N/A-,-N/A-,0.9958,Y
55683,RRPQGLPNNTASWFT,15,N,I,HLA class I,0.9978,Y
74517,YKTFPPTEPKKDKKKK,16,N,-N/A-,-N/A-,0.9899,Y
100048,GAALQIPFAMQMAYRF,16,S,II,HLA-DRA*01:01/DRB1*07:01,0.9982,Y
100300,MAYRFNGIGVTQNVLY,16,S,II,HLA-DRB1*04:01,0.9987,Y
100428,QLIRAAEIRASANLAATK,18,S,II,HLA-DRB1*04:01,0.9973,Y
50311,QALNTLVKQLSSNFGAI,17,S,II,HLA-DRB1*04:01,0.9984,Y
